Episode,Reward,Steps,Epsilon,Success
1,-1100,200,0.995,0
2,-455,115,0.990025,1
3,-311,97,0.985074875,1
4,-956,200,0.9801495006250001,0
5,-1046,200,0.9752487531218751,0
6,-929,200,0.9703725093562657,0
7,-1073,200,0.9655206468094844,0
8,-821,175,0.960693043575437,1
9,-625,141,0.9558895783575597,1
10,-513,137,0.9511101304657719,1
11,-983,200,0.946354579813443,0
12,-535,141,0.9416228069143757,1
13,-821,184,0.9369146928798039,1
14,-902,200,0.9322301194154049,0
15,-1055,200,0.9275689688183278,0
16,-365,88,0.9229311239742362,1
17,-1037,200,0.918316468354365,0
18,-965,200,0.9137248860125932,0
19,-1010,200,0.9091562615825302,0
20,-101,40,0.9046104802746175,1
21,-57,32,0.9000874278732445,1
22,-233,64,0.8955869907338783,1
23,-437,115,0.8911090557802088,1
24,-545,133,0.8866535105013078,1
25,-235,75,0.8822202429488013,1
26,-651,167,0.8778091417340573,1
27,-645,161,0.8734200960253871,1
28,-249,98,0.8690529955452602,1
29,-41,43,0.8647077305675338,1
30,-451,111,0.8603841919146962,1
31,-33,35,0.8560822709551227,1
32,-83,58,0.851801859600347,1
33,-391,114,0.8475428503023453,1
34,-139,51,0.8433051360508336,1
35,-359,91,0.8390886103705794,1
36,-99,65,0.8348931673187264,1
37,-327,77,0.8307187014821328,1
38,17,30,0.8265651079747222,1
39,-245,76,0.8224322824348486,1
40,-159,62,0.8183201210226743,1
41,-257,88,0.8142285204175609,1
42,-131,61,0.810157377815473,1
43,-3,32,0.8061065909263957,1
44,-221,79,0.8020760579717637,1
45,-1,30,0.798065677681905,1
46,-131,61,0.7940753492934954,1
47,-37,39,0.7901049725470279,1
48,-145,66,0.7861544476842928,1
49,3,26,0.7822236754458713,1
50,-21,41,0.778312557068642,1
51,3,26,0.7744209942832988,1
52,-245,76,0.7705488893118823,1
53,-37,39,0.7666961448653229,1
54,-89,46,0.7628626641409962,1
55,-77,43,0.7590483508202912,1
56,-585,146,0.7552531090661897,1
57,-99,47,0.7514768435208588,1
58,-149,61,0.7477194593032545,1
59,-35,28,0.7439808620067382,1
60,35,30,0.7402609576967045,1
61,-15,26,0.736559652908221,1
62,5,33,0.7328768546436799,1
63,-99,47,0.7292124703704616,1
64,-31,33,0.7255664080186093,1
65,19,28,0.7219385759785162,1
66,-23,25,0.7183288830986236,1
67,-75,41,0.7147372386831305,1
68,37,19,0.7111635524897149,1
69,19,28,0.7076077347272662,1
70,-43,36,0.7040696960536299,1
71,-33,35,0.7005493475733617,1
72,35,21,0.697046600835495,1
73,7,22,0.6935613678313175,1
74,29,27,0.6900935609921609,1
75,-27,29,0.6866430931872001,1
76,59,15,0.6832098777212641,1
77,43,22,0.6797938283326578,1
78,25,31,0.6763948591909945,1
79,-65,40,0.6730128848950395,1
80,-95,61,0.6696478204705644,1
81,-103,51,0.6662995813682115,1
82,-41,43,0.6629680834613705,1
83,-21,32,0.6596532430440636,1
84,-189,65,0.6563549768288433,1
85,79,13,0.653073201944699,1
86,-81,65,0.6498078359349755,1
87,-77,43,0.6465587967553006,1
88,57,17,0.6433260027715241,1
89,-27,29,0.6401093727576664,1
90,71,12,0.6369088258938781,1
91,13,34,0.6337242817644086,1
92,79,13,0.6305556603555866,1
93,-125,55,0.6274028820538087,1
94,-51,44,0.6242658676435396,1
95,55,19,0.6211445383053219,1
96,37,19,0.6180388156137953,1
97,45,20,0.6149486215357263,1
98,21,26,0.6118738784280476,1
99,-131,52,0.6088145090359074,1
100,-91,39,0.6057704364907278,1
101,-47,40,0.6027415843082742,1
102,-9,29,0.5997278763867329,1
103,-3,23,0.5967292370047992,1
104,21,26,0.5937455908197752,1
105,41,24,0.5907768628656763,1
106,31,25,0.5878229785513479,1
107,15,23,0.5848838636585911,1
108,45,20,0.5819594443402982,1
109,37,19,0.5790496471185967,1
110,21,35,0.5761543988830038,1
111,27,20,0.5732736268885887,1
112,51,23,0.5704072587541458,1
113,13,25,0.567555222460375,1
114,47,18,0.5647174463480732,1
115,33,32,0.5618938591163328,1
116,35,21,0.5590843898207511,1
117,71,21,0.5562889678716474,1
118,-41,43,0.5535075230322891,1
119,21,26,0.5507399854171277,1
120,59,15,0.547986285490042,1
121,1,28,0.5452463540625918,1
122,87,14,0.5425201222922789,1
123,1,28,0.5398075216808175,1
124,-51,44,0.5371084840724134,1
125,13,34,0.5344229416520513,1
126,51,23,0.531750826943791,1
127,25,22,0.5290920728090721,1
128,43,22,0.5264466124450268,1
129,55,19,0.5238143793828016,1
130,7,31,0.5211953074858876,1
131,3,35,0.5185893309484582,1
132,65,18,0.5159963842937159,1
133,21,26,0.5134164023722473,1
134,47,18,0.510849320360386,1
135,49,16,0.5082950737585841,1
136,9,20,0.5057535983897912,1
137,57,17,0.5032248303978422,1
138,7,22,0.500708706245853,1
139,33,23,0.4982051627146237,1
140,61,13,0.49571413690105054,1
141,-7,27,0.4932355662165453,1
142,71,12,0.4907693883854626,1
143,59,15,0.4883155414435353,1
144,69,14,0.4858739637363176,1
145,39,17,0.483444593917636,1
146,33,23,0.4810273709480478,1
147,29,27,0.47862223409330756,1
148,5,24,0.47622912292284103,1
149,13,25,0.4738479773082268,1
150,13,25,0.47147873742168567,1
151,75,17,0.46912134373457726,1
152,55,19,0.46677573701590436,1
153,55,19,0.46444185833082485,1
154,89,12,0.46211964903917074,1
155,91,10,0.4598090507939749,1
156,45,20,0.457510005540005,1
157,15,23,0.45522245551230495,1
158,81,11,0.4529463432347434,1
159,67,16,0.4506816115185697,1
160,35,21,0.4484282034609769,1
161,45,20,0.446186062443672,1
162,5,33,0.4439551321314536,1
163,49,25,0.4417353564707963,1
164,45,20,0.43952667968844233,1
165,35,21,0.43732904629000013,1
166,53,21,0.4351424010585501,1
167,23,24,0.43296668905325736,1
168,57,17,0.43080185560799106,1
169,41,15,0.4286478463299511,1
170,77,15,0.42650460709830135,1
171,71,12,0.42437208406280985,1
172,49,16,0.4222502236424958,1
173,67,16,0.42013897252428334,1
174,77,15,0.4180382776616619,1
175,59,15,0.4159480862733536,1
176,69,14,0.41386834584198684,1
177,55,19,0.4117990041127769,1
178,77,15,0.40974000909221303,1
179,79,13,0.40769130904675194,1
180,77,15,0.40565285250151817,1
181,31,25,0.4036245882390106,1
182,23,24,0.4016064652978155,1
183,25,31,0.3995984329713264,1
184,21,17,0.3976004408064698,1
185,57,17,0.39561243860243744,1
186,65,18,0.3936343764094253,1
187,31,16,0.39166620452737816,1
188,59,15,0.3897078735047413,1
189,75,17,0.3877593341372176,1
190,51,14,0.3858205374665315,1
191,39,17,0.38389143477919885,1
192,89,12,0.3819719776053028,1
193,49,16,0.3800621177172763,1
194,57,17,0.37816180712868996,1
195,81,11,0.37627099809304654,1
196,91,10,0.3743896431025813,1
197,73,19,0.37251769488706843,1
198,61,22,0.3706551064126331,1
199,39,26,0.36880183088056995,1
200,61,22,0.3669578217261671,1
201,49,25,0.36512303261753626,1
202,17,21,0.3632974174544486,1
203,77,15,0.3614809303671764,1
204,75,17,0.3596735257153405,1
205,59,15,0.3578751580867638,1
206,85,16,0.35608578229633,1
207,61,13,0.3543053533848483,1
208,59,15,0.35253382661792404,1
209,63,20,0.3507711574848344,1
210,75,17,0.34901730169741024,1
211,67,16,0.3472722151889232,1
212,61,22,0.3455358541129786,1
213,91,10,0.3438081748424137,1
214,81,11,0.3420891339682016,1
215,31,25,0.3403786882983606,1
216,77,15,0.3386767948568688,1
217,91,10,0.33698341088258443,1
218,47,18,0.3352984938281715,1
219,79,13,0.33362200135903064,1
220,89,12,0.33195389135223546,1
221,85,16,0.3302941218954743,1
222,53,21,0.32864265128599696,1
223,71,12,0.326999438029567,1
224,47,18,0.3253644408394192,1
225,79,13,0.3237376186352221,1
226,67,16,0.322118930542046,1
227,81,11,0.32050833588933575,1
228,81,11,0.31890579420988907,1
229,79,13,0.3173112652388396,1
230,71,12,0.3157247089126454,1
231,51,14,0.3141460853680822,1
232,67,16,0.3125753549412418,1
233,57,17,0.31101247816653554,1
234,55,19,0.30945741577570285,1
235,57,17,0.3079101286968243,1
236,81,11,0.3063705780533402,1
237,91,10,0.30483872516307353,1
238,67,16,0.3033145315372582,1
239,69,14,0.3017979588795719,1
240,81,11,0.30028896908517405,1
241,79,13,0.2987875242397482,1
242,89,12,0.29729358661854943,1
243,25,31,0.29580711868545667,1
244,77,15,0.2943280830920294,1
245,59,15,0.29285644267656924,1
246,71,12,0.2913921604631864,1
247,89,12,0.28993519966087045,1
248,59,15,0.2884855236625661,1
249,91,10,0.28704309604425327,1
250,67,16,0.285607880564032,1
251,47,18,0.28417984116121187,1
252,77,15,0.2827589419554058,1
253,55,19,0.28134514724562876,1
254,91,10,0.2799384215094006,1
255,55,19,0.27853872940185365,1
256,65,18,0.27714603575484437,1
257,81,11,0.2757603055760701,1
258,71,12,0.2743815040481898,1
259,67,16,0.2730095965279488,1
260,49,16,0.27164454854530906,1
261,71,21,0.2702863258025825,1
262,71,12,0.2689348941735696,1
263,91,10,0.26759021970270175,1
264,59,15,0.2662522686041882,1
265,73,19,0.2649210072611673,1
266,85,16,0.26359640222486147,1
267,67,16,0.26227842021373715,1
268,81,11,0.2609670281126685,1
269,79,13,0.25966219297210513,1
270,55,19,0.2583638820072446,1
271,25,22,0.2570720625972084,1
272,89,12,0.25578670228422234,1
273,91,10,0.25450776877280124,1
274,51,14,0.2532352299289372,1
275,59,15,0.2519690537792925,1
276,51,23,0.2507092085103961,1
277,81,11,0.2494556624678441,1
278,89,12,0.24820838415550486,1
279,69,14,0.24696734223472733,1
280,61,13,0.2457325055235537,1
281,77,15,0.24450384299593592,1
282,91,10,0.24328132378095624,1
283,91,10,0.24206491716205145,1
284,69,14,0.2408545925762412,1
285,89,12,0.23965031961336,1
286,81,11,0.2384520680152932,1
287,47,18,0.23725980767521673,1
288,91,10,0.23607350863684065,1
289,91,10,0.23489314109365644,1
290,69,14,0.23371867538818816,1
291,71,12,0.23255008201124722,1
292,79,13,0.231387331601191,1
293,87,14,0.23023039494318503,1
294,69,14,0.2290792429684691,1
295,79,13,0.22793384675362674,1
296,81,11,0.22679417751985861,1
297,63,20,0.22566020663225933,1
298,89,12,0.22453190559909803,1
299,81,11,0.22340924607110255,1
300,69,14,0.22229219984074702,1
301,75,17,0.2211807388415433,1
302,61,13,0.22007483514733558,1
303,81,11,0.2189744609715989,1
304,69,14,0.2178795886667409,1
305,81,11,0.2167901907234072,1
306,91,10,0.21570623976979014,1
307,91,10,0.21462770857094118,1
308,67,16,0.21355457002808648,1
309,69,14,0.21248679717794605,1
310,89,12,0.21142436319205632,1
311,59,15,0.21036724137609603,1
312,27,20,0.20931540516921554,1
313,89,12,0.20826882814336947,1
314,89,12,0.20722748400265262,1
315,71,12,0.20619134658263935,1
316,81,11,0.20516038984972615,1
317,77,15,0.2041345879004775,1
318,91,10,0.2031139149609751,1
319,81,11,0.20209834538617025,1
320,79,13,0.2010878536592394,1
321,89,12,0.2000824143909432,1
322,91,10,0.19908200231898848,1
323,61,13,0.19808659230739353,1
324,49,16,0.19709615934585656,1
325,89,12,0.19611067854912728,1
326,87,14,0.19513012515638165,1
327,69,14,0.19415447453059972,1
328,79,13,0.19318370215794672,1
329,81,20,0.192217783647157,1
330,81,11,0.1912566947289212,1
331,57,17,0.1903004112552766,1
332,69,14,0.18934890919900021,1
333,77,15,0.18840216465300522,1
334,79,13,0.18746015382974018,1
335,79,13,0.1865228530605915,1
336,91,10,0.18559023879528855,1
337,87,14,0.1846622876013121,1
338,55,19,0.18373897616330553,1
339,79,13,0.182820281282489,1
340,81,11,0.18190617987607657,1
341,87,14,0.18099664897669618,1
342,89,12,0.1800916657318127,1
343,81,11,0.17919120740315364,1
344,91,10,0.17829525136613786,1
345,51,14,0.17740377510930716,1
346,65,18,0.17651675623376062,1
347,91,10,0.1756341724525918,1
348,79,13,0.17475600159032884,1
349,79,13,0.17388222158237718,1
350,91,10,0.1730128104744653,1
351,81,11,0.17214774642209296,1
352,91,10,0.1712870076899825,1
353,89,12,0.17043057265153258,1
354,85,16,0.16957841978827493,1
355,91,10,0.16873052768933355,1
356,69,14,0.1678868750508869,1
357,89,12,0.16704744067563246,1
358,81,11,0.1662122034722543,1
359,47,18,0.16538114245489302,1
360,71,21,0.16455423674261854,1
361,67,16,0.16373146555890544,1
362,71,12,0.16291280823111093,1
363,77,15,0.16209824418995536,1
364,89,12,0.16128775296900558,1
365,77,15,0.16048131420416054,1
366,89,12,0.15967890763313974,1
367,89,12,0.15888051309497406,1
368,89,12,0.1580861105294992,1
369,89,12,0.1572956799768517,1
370,91,10,0.15650920157696743,1
371,87,14,0.1557266555690826,1
372,47,18,0.1549480222912372,1
373,81,11,0.15417328217978102,1
374,81,11,0.1534024157688821,1
375,81,11,0.1526354036900377,1
376,91,10,0.1518722266715875,1
377,81,11,0.15111286553822956,1
378,81,11,0.15035730121053842,1
379,81,11,0.14960551470448571,1
380,81,11,0.14885748713096328,1
381,89,12,0.14811319969530845,1
382,71,12,0.1473726336968319,1
383,79,13,0.14663577052834775,1
384,87,14,0.14590259167570602,1
385,81,11,0.1451730787173275,1
386,69,14,0.14444721332374086,1
387,79,13,0.14372497725712216,1
388,89,12,0.14300635237083656,1
389,79,13,0.14229132060898236,1
390,71,12,0.14157986400593744,1
391,81,11,0.14087196468590776,1
392,91,10,0.14016760486247823,1
393,91,10,0.13946676683816583,1
394,69,14,0.138769433003975,1
395,61,13,0.13807558583895513,1
396,81,11,0.13738520790976036,1
397,81,11,0.13669828187021155,1
398,89,12,0.13601479046086049,1
399,71,12,0.1353347165085562,1
400,87,14,0.1346580429260134,1
401,91,10,0.13398475271138335,1
402,91,10,0.13331482894782642,1
403,79,13,0.13264825480308728,1
404,91,10,0.13198501352907185,1
405,91,10,0.1313250884614265,1
406,89,12,0.13066846301911936,1
407,91,10,0.13001512070402377,1
408,91,10,0.12936504510050365,1
409,85,16,0.12871821987500112,1
410,71,12,0.12807462877562611,1
411,69,14,0.12743425563174798,1
412,81,11,0.12679708435358925,1
413,81,11,0.1261630989318213,1
414,91,10,0.1255322834371622,1
415,81,11,0.12490462201997637,1
416,89,12,0.1242800989098765,1
417,81,11,0.12365869841532712,1
418,89,12,0.12304040492325048,1
419,71,12,0.12242520289863423,1
420,91,10,0.12181307688414106,1
421,91,10,0.12120401149972035,1
422,87,14,0.12059799144222175,1
423,79,13,0.11999500148501063,1
424,91,10,0.11939502647758558,1
425,89,12,0.11879805134519765,1
426,91,10,0.11820406108847166,1
427,89,12,0.1176130407830293,1
428,91,10,0.11702497557911415,1
429,91,10,0.11643985070121858,1
430,81,11,0.11585765144771248,1
431,91,10,0.11527836319047392,1
432,71,12,0.11470197137452155,1
433,79,13,0.11412846151764894,1
434,89,12,0.1135578192100607,1
435,91,10,0.11299003011401039,1
436,79,13,0.11242507996344034,1
437,71,12,0.11186295456362313,1
438,89,12,0.11130363979080501,1
439,91,10,0.11074712159185099,1
440,81,11,0.11019338598389174,1
441,91,10,0.10964241905397228,1
442,79,13,0.10909420695870241,1
443,89,12,0.1085487359239089,1
444,89,12,0.10800599224428936,1
445,81,11,0.10746596228306791,1
446,91,10,0.10692863247165257,1
447,87,14,0.1063939893092943,1
448,89,12,0.10586201936274783,1
449,91,10,0.10533270926593409,1
450,91,10,0.10480604571960442,1
451,71,12,0.1042820154910064,1
452,89,12,0.10376060541355137,1
453,89,12,0.1032418023864836,1
454,91,10,0.10272559337455119,1
455,91,10,0.10221196540767843,1
456,89,12,0.10170090558064004,1
457,91,10,0.10119240105273684,1
458,81,11,0.10068643904747315,1
459,91,10,0.10018300685223579,1
460,87,14,0.0996820918179746,1
461,91,10,0.09918368135888474,1
462,91,10,0.09868776295209031,1
463,81,11,0.09819432413732986,1
464,91,10,0.09770335251664321,1
465,77,15,0.09721483575406,1
466,79,13,0.09672876157528969,1
467,89,12,0.09624511776741324,1
468,91,10,0.09576389217857617,1
469,89,12,0.09528507271768329,1
470,89,12,0.09480864735409487,1
471,79,13,0.0943346041173244,1
472,91,10,0.09386293109673778,1
473,81,11,0.09339361644125409,1
474,91,10,0.09292664835904782,1
475,81,11,0.09246201511725258,1
476,91,10,0.09199970504166631,1
477,91,10,0.09153970651645797,1
478,91,10,0.09108200798387568,1
479,91,10,0.0906265979439563,1
480,91,10,0.09017346495423652,1
481,71,12,0.08972259762946533,1
482,91,10,0.089273984641318,1
483,89,12,0.0888276147181114,1
484,91,10,0.08838347664452084,1
485,71,12,0.08794155926129824,1
486,81,11,0.08750185146499175,1
487,81,11,0.08706434220766679,1
488,81,11,0.08662902049662846,1
489,89,12,0.08619587539414532,1
490,91,10,0.08576489601717459,1
491,81,11,0.08533607153708872,1
492,91,10,0.08490939117940327,1
493,91,10,0.08448484422350626,1
494,81,11,0.08406242000238873,1
495,71,12,0.08364210790237678,1
496,91,10,0.0832238973628649,1
497,81,11,0.08280777787605056,1
498,91,10,0.08239373898667031,1
499,89,12,0.08198177029173696,1
500,91,10,0.08157186144027828,1
501,91,10,0.0811640021330769,1
502,91,10,0.08075818212241151,1
503,81,11,0.08035439121179945,1
504,91,10,0.07995261925574046,1
505,87,14,0.07955285615946175,1
506,91,10,0.07915509187866444,1
507,89,12,0.07875931641927113,1
508,91,10,0.07836551983717477,1
509,91,10,0.07797369223798889,1
510,69,14,0.07758382377679894,1
511,91,10,0.07719590465791494,1
512,81,11,0.07680992513462537,1
513,81,11,0.07642587550895225,1
514,89,12,0.07604374613140748,1
515,81,11,0.07566352740075044,1
516,91,10,0.07528520976374668,1
517,81,11,0.07490878371492794,1
518,79,13,0.0745342397963533,1
519,91,10,0.07416156859737154,1
520,81,11,0.07379076075438468,1
521,87,14,0.07342180695061275,1
522,71,12,0.07305469791585968,1
523,91,10,0.07268942442628039,1
524,89,12,0.07232597730414898,1
525,91,10,0.07196434741762824,1
526,89,12,0.0716045256805401,1
527,91,10,0.0712465030521374,1
528,91,10,0.0708902705368767,1
529,89,12,0.07053581918419231,1
530,91,10,0.07018314008827135,1
531,81,11,0.06983222438783,1
532,89,12,0.06948306326589085,1
533,91,10,0.0691356479495614,1
534,81,11,0.06878996970981359,1
535,91,10,0.06844601986126451,1
536,91,10,0.06810378976195819,1
537,71,12,0.0677632708131484,1
538,91,10,0.06742445445908266,1
539,91,10,0.06708733218678724,1
540,91,10,0.0667518955258533,1
541,91,10,0.06641813604822402,1
542,81,11,0.0660860453679829,1
543,91,10,0.06575561514114299,1
544,91,10,0.06542683706543727,1
545,91,10,0.06509970288011008,1
546,91,10,0.06477420436570952,1
547,91,10,0.06445033334388098,1
548,81,11,0.06412808167716157,1
549,91,10,0.06380744126877576,1
550,91,10,0.06348840406243188,1
551,91,10,0.06317096204211972,1
552,81,11,0.06285510723190912,1
553,89,12,0.06254083169574957,1
554,91,10,0.062228127537270826,1
555,81,11,0.06191698689958447,1
556,91,10,0.061607401965086545,1
557,81,11,0.06129936495526111,1
558,81,11,0.0609928681304848,1
559,81,11,0.060687903789832374,1
560,91,10,0.06038446427088321,1
561,91,10,0.06008254194952879,1
562,71,12,0.05978212923978115,1
563,91,10,0.05948321859358224,1
564,91,10,0.05918580250061433,1
565,91,10,0.058889873488111255,1
566,89,12,0.058595424120670696,1
567,91,10,0.05830244700006734,1
568,81,11,0.058010934765067,1
569,91,10,0.05772088009124167,1
570,81,11,0.05743227569078546,1
571,91,10,0.05714511431233153,1
572,91,10,0.05685938874076987,1
573,79,13,0.056575091797066025,1
574,91,10,0.056292216338080694,1
575,91,10,0.05601075525639029,1
576,89,12,0.05573070148010834,1
577,91,10,0.0554520479727078,1
578,91,10,0.05517478773284426,1
579,91,10,0.05489891379418004,1
580,91,10,0.05462441922520914,1
581,91,10,0.0543512971290831,1
582,91,10,0.05407954064343768,1
583,91,10,0.05380914294022049,1
584,91,10,0.05354009722551939,1
585,91,10,0.05327239673939179,1
586,91,10,0.053006034755694834,1
587,91,10,0.052741004581916356,1
588,81,11,0.052477299559006776,1
589,91,10,0.052214913061211746,1
590,91,10,0.05195383849590569,1
591,91,10,0.05169406930342616,1
592,91,10,0.05143559895690903,1
593,89,12,0.051178420962124486,1
594,91,10,0.05092252885731386,1
595,89,12,0.05066791621302729,1
596,71,12,0.05041457663196215,1
597,89,12,0.050162503748802344,1
598,91,10,0.049911691230058335,1
599,91,10,0.04966213277390804,1
600,81,11,0.0494138221100385,1
601,91,10,0.04916675299948831,1
602,91,10,0.04892091923449087,1
603,89,12,0.04867631463831842,1
604,81,11,0.048432933065126825,1
605,81,11,0.048190768399801194,1
606,91,10,0.04794981455780219,1
607,91,10,0.04771006548501318,1
608,91,10,0.047471515157588115,1
609,81,11,0.047234157581800176,1
610,81,11,0.046997986793891174,1
611,89,12,0.04676299685992172,1
612,91,10,0.04652918187562211,1
613,89,12,0.046296535966244,1
614,91,10,0.046065053286412784,1
615,91,10,0.04583472801998072,1
616,69,14,0.045605554379880814,1
617,91,10,0.04537752660798141,1
618,91,10,0.0451506389749415,1
619,91,10,0.044924885780066794,1
620,91,10,0.04470026135116646,1
621,89,12,0.04447676004441063,1
622,89,12,0.04425437624418858,1
623,89,12,0.04403310436296763,1
624,89,12,0.043812938841152796,1
625,91,10,0.04359387414694703,1
626,91,10,0.043375904776212296,1
627,89,12,0.043159025252331236,1
628,91,10,0.04294323012606958,1
629,89,12,0.04272851397543923,1
630,91,10,0.04251487140556204,1
631,91,10,0.04230229704853423,1
632,91,10,0.04209078556329156,1
633,91,10,0.0418803316354751,1
634,89,12,0.041670929977297724,1
635,91,10,0.04146257532741124,1
636,91,10,0.04125526245077418,1
637,91,10,0.04104898613852031,1
638,91,10,0.04084374120782771,1
639,91,10,0.04063952250178857,1
640,91,10,0.04043632488927963,1
641,89,12,0.04023414326483323,1
642,81,11,0.040032972548509065,1
643,91,10,0.03983280768576652,1
644,91,10,0.03963364364733769,1
645,91,10,0.039435475429100995,1
646,91,10,0.03923829805195549,1
647,91,10,0.03904210656169572,1
648,91,10,0.03884689602888724,1
649,91,10,0.0386526615487428,1
650,91,10,0.03845939824099909,1
651,91,10,0.03826710124979409,1
652,91,10,0.038075765743545126,1
653,89,12,0.0378853869148274,1
654,91,10,0.03769595998025326,1
655,91,10,0.03750748018035199,1
656,89,12,0.037319942779450235,1
657,89,12,0.037133343065552986,1
658,81,11,0.03694767635022522,1
659,89,12,0.036762937968474095,1
660,81,11,0.03657912327863173,1
661,89,12,0.036396227662238566,1
662,91,10,0.03621424652392737,1
663,91,10,0.036033175291307735,1
664,91,10,0.03585300941485119,1
665,91,10,0.035673744367776934,1
666,91,10,0.03549537564593805,1
667,91,10,0.035317898767708356,1
668,91,10,0.03514130927386981,1
669,91,10,0.03496560272750046,1
670,91,10,0.03479077471386296,1
671,91,10,0.03461682084029365,1
672,81,11,0.034443736736092176,1
673,91,10,0.034271518052411715,1
674,81,11,0.034100160462149656,1
675,91,10,0.03392965965983891,1
676,91,10,0.033760011361539714,1
677,91,10,0.03359121130473201,1
678,91,10,0.033423255248208356,1
679,91,10,0.03325613897196732,1
680,89,12,0.03308985827710748,1
681,91,10,0.032924408985721944,1
682,91,10,0.03275978694079333,1
683,89,12,0.032595988006089364,1
684,91,10,0.032433008066058915,1
685,91,10,0.03227084302572862,1
686,91,10,0.032109488810599975,1
687,91,10,0.031948941366546975,1
688,77,15,0.03178919665971424,1
689,91,10,0.03163025067641567,1
690,81,11,0.03147209942303359,1
691,81,11,0.03131473892591842,1
692,91,10,0.031158165231288826,1
693,91,10,0.03100237440513238,1
694,91,10,0.030847362533106718,1
695,89,12,0.030693125720441184,1
696,91,10,0.030539660091838977,1
697,91,10,0.03038696179137978,1
698,91,10,0.030235026982422884,1
699,81,11,0.030083851847510768,1
700,91,10,0.029933432588273214,1
701,91,10,0.029783765425331846,1
702,91,10,0.029634846598205186,1
703,81,11,0.02948667236521416,1
704,91,10,0.029339239003388088,1
705,91,10,0.029192542808371146,1
706,91,10,0.02904658009432929,1
707,71,12,0.028901347193857643,1
708,91,10,0.028756840457888354,1
709,91,10,0.02861305625559891,1
710,91,10,0.028469990974320916,1
711,81,11,0.02832764101944931,1
712,91,10,0.028186002814352063,1
713,91,10,0.0280450728002803,1
714,91,10,0.0279048474362789,1
715,91,10,0.027765323199097504,1
716,91,10,0.027626496583102015,1
717,91,10,0.027488364100186506,1
718,71,12,0.027350922279685573,1
719,91,10,0.027214167668287145,1
720,91,10,0.02707809682994571,1
721,91,10,0.02694270634579598,1
722,91,10,0.026807992814067,1
723,91,10,0.026673952849996664,1
724,91,10,0.02654058308574668,1
725,91,10,0.026407880170317945,1
726,91,10,0.026275840769466357,1
727,91,10,0.026144461565619025,1
728,91,10,0.02601373925779093,1
729,91,10,0.025883670561501974,1
730,91,10,0.025754252208694463,1
731,91,10,0.02562548094765099,1
732,91,10,0.025497353542912736,1
733,91,10,0.02536986677519817,1
734,91,10,0.02524301744132218,1
735,91,10,0.025116802354115567,1
736,91,10,0.024991218342344988,1
737,91,10,0.024866262250633264,1
738,91,10,0.024741930939380097,1
739,91,10,0.024618221284683196,1
740,91,10,0.02449513017825978,1
741,89,12,0.02437265452736848,1
742,91,10,0.024250791254731636,1
743,81,11,0.024129537298457977,1
744,91,10,0.024008889611965685,1
745,91,10,0.023888845163905856,1
746,81,11,0.023769400938086327,1
747,91,10,0.023650553933395897,1
748,81,11,0.023532301163728918,1
749,89,12,0.023414639657910272,1
750,91,10,0.023297566459620722,1
751,91,10,0.023181078627322618,1
752,91,10,0.023065173234186005,1
753,91,10,0.022949847368015076,1
754,91,10,0.022835098131175,1
755,91,10,0.022720922640519125,1
756,91,10,0.02260731802731653,1
757,91,10,0.022494281437179946,1
758,91,10,0.022381810029994047,1
759,91,10,0.022269900979844076,1
760,91,10,0.022158551474944856,1
761,91,10,0.022047758717570132,1
762,81,11,0.021937519923982282,1
763,91,10,0.021827832324362372,1
764,91,10,0.02171869316274056,1
765,91,10,0.021610099696926857,1
766,91,10,0.021502049198442223,1
767,91,10,0.021394538952450012,1
768,91,10,0.02128756625768776,1
769,91,10,0.021181128426399323,1
770,91,10,0.021075222784267326,1
771,91,10,0.020969846670345987,1
772,91,10,0.020864997436994256,1
773,91,10,0.020760672449809284,1
774,91,10,0.020656869087560238,1
775,91,10,0.020553584742122436,1
776,91,10,0.020450816818411825,1
777,91,10,0.020348562734319765,1
778,91,10,0.020246819920648168,1
779,91,10,0.020145585821044927,1
780,91,10,0.020044857891939702,1
781,91,10,0.019944633602480003,1
782,91,10,0.019844910434467605,1
783,81,11,0.019745685882295267,1
784,89,12,0.01964695745288379,1
785,91,10,0.01954872266561937,1
786,91,10,0.019450979052291272,1
787,91,10,0.019353724157029815,1
788,91,10,0.019256955536244666,1
789,91,10,0.019160670758563442,1
790,81,11,0.019064867404770626,1
791,91,10,0.018969543067746772,1
792,91,10,0.018874695352408037,1
793,91,10,0.018780321875645996,1
794,91,10,0.018686420266267767,1
795,91,10,0.018592988164936427,1
796,91,10,0.018500023224111744,1
797,91,10,0.018407523107991184,1
798,91,10,0.01831548549245123,1
799,91,10,0.018223908064988973,1
800,89,12,0.018132788524664028,1
801,91,10,0.018042124582040707,1
802,91,10,0.017951913959130504,1
803,91,10,0.01786215438933485,1
804,91,10,0.017772843617388175,1
805,91,10,0.017683979399301233,1
806,91,10,0.017595559502304726,1
807,91,10,0.0175075817047932,1
808,89,12,0.017420043796269234,1
809,91,10,0.017332943577287888,1
810,91,10,0.01724627885940145,1
811,91,10,0.017160047465104442,1
812,91,10,0.01707424722777892,1
813,91,10,0.016988875991640028,1
814,91,10,0.016903931611681827,1
815,91,10,0.01681941195362342,1
816,91,10,0.016735314893855303,1
817,91,10,0.016651638319386028,1
818,91,10,0.0165683801277891,1
819,91,10,0.016485538227150154,1
820,91,10,0.0164031105360144,1
821,91,10,0.01632109498333433,1
822,91,10,0.016239489508417658,1
823,91,10,0.01615829206087557,1
824,89,12,0.01607750060057119,1
825,91,10,0.015997113097568336,1
826,91,10,0.015917127532080494,1
827,91,10,0.01583754189442009,1
828,81,11,0.01575835418494799,1
829,91,10,0.01567956241402325,1
830,91,10,0.015601164601953134,1
831,89,12,0.015523158778943369,1
832,91,10,0.015445542985048652,1
833,91,10,0.015368315270123408,1
834,91,10,0.01529147369377279,1
835,91,10,0.015215016325303928,1
836,91,10,0.015138941243677408,1
837,91,10,0.01506324653745902,1
838,91,10,0.014987930304771725,1
839,91,10,0.014912990653247866,1
840,91,10,0.014838425699981627,1
841,91,10,0.01476423357148172,1
842,91,10,0.014690412403624311,1
843,91,10,0.01461696034160619,1
844,91,10,0.014543875539898159,1
845,91,10,0.014471156162198668,1
846,89,12,0.014398800381387675,1
847,91,10,0.014326806379480736,1
848,91,10,0.014255172347583332,1
849,91,10,0.014183896485845416,1
850,91,10,0.014112977003416188,1
851,91,10,0.014042412118399107,1
852,91,10,0.013972200057807112,1
853,91,10,0.013902339057518077,1
854,91,10,0.013832827362230486,1
855,91,10,0.013763663225419333,1
856,91,10,0.013694844909292236,1
857,91,10,0.013626370684745774,1
858,91,10,0.013558238831322046,1
859,91,10,0.013490447637165436,1
860,91,10,0.013422995398979608,1
861,91,10,0.01335588042198471,1
862,91,10,0.013289101019874787,1
863,91,10,0.013222655514775413,1
864,91,10,0.013156542237201536,1
865,91,10,0.013090759526015528,1
866,91,10,0.01302530572838545,1
867,91,10,0.012960179199743523,1
868,91,10,0.012895378303744804,1
869,91,10,0.01283090141222608,1
870,91,10,0.012766746905164949,1
871,91,10,0.012702913170639124,1
872,79,13,0.012639398604785928,1
873,91,10,0.012576201611761997,1
874,91,10,0.012513320603703188,1
875,91,10,0.012450754000684672,1
876,91,10,0.012388500230681249,1
877,91,10,0.012326557729527843,1
878,91,10,0.012264924940880204,1
879,91,10,0.012203600316175803,1
880,91,10,0.012142582314594924,1
881,91,10,0.01208186940302195,1
882,91,10,0.01202146005600684,1
883,91,10,0.011961352755726806,1
884,91,10,0.01190154599194817,1
885,91,10,0.01184203826198843,1
886,91,10,0.011782828070678488,1
887,91,10,0.011723913930325095,1
888,91,10,0.01166529436067347,1
889,91,10,0.011606967888870102,1
890,91,10,0.01154893304942575,1
891,91,10,0.011491188384178622,1
892,91,10,0.011433732442257729,1
893,91,10,0.01137656378004644,1
894,91,10,0.011319680961146208,1
895,91,10,0.011263082556340478,1
896,91,10,0.011206767143558775,1
897,91,10,0.011150733307840981,1
898,91,10,0.011094979641301777,1
899,91,10,0.011039504743095268,1
900,91,10,0.01098430721937979,1
901,91,10,0.010929385683282892,1
902,91,10,0.010874738754866477,1
903,91,10,0.010820365061092144,1
904,91,10,0.010766263235786683,1
905,91,10,0.01071243191960775,1
906,91,10,0.010658869760009713,1
907,91,10,0.010605575411209664,1
908,91,10,0.010552547534153616,1
909,91,10,0.010499784796482848,1
910,91,10,0.010447285872500434,1
911,91,10,0.01039504944313793,1
912,91,10,0.010343074195922241,1
913,91,10,0.01029135882494263,1
914,91,10,0.010239902030817916,1
915,91,10,0.010188702520663827,1
916,91,10,0.010137759008060509,1
917,91,10,0.010087070213020206,1
918,91,10,0.010036634861955105,1
919,91,10,0.01,1
920,91,10,0.01,1
921,91,10,0.01,1
922,81,11,0.01,1
923,91,10,0.01,1
924,91,10,0.01,1
925,91,10,0.01,1
926,89,12,0.01,1
927,89,12,0.01,1
928,91,10,0.01,1
929,91,10,0.01,1
930,91,10,0.01,1
931,91,10,0.01,1
932,91,10,0.01,1
933,91,10,0.01,1
934,91,10,0.01,1
935,91,10,0.01,1
936,91,10,0.01,1
937,91,10,0.01,1
938,91,10,0.01,1
939,91,10,0.01,1
940,91,10,0.01,1
941,91,10,0.01,1
942,91,10,0.01,1
943,91,10,0.01,1
944,91,10,0.01,1
945,91,10,0.01,1
946,91,10,0.01,1
947,91,10,0.01,1
948,91,10,0.01,1
949,91,10,0.01,1
950,91,10,0.01,1
951,81,11,0.01,1
952,91,10,0.01,1
953,91,10,0.01,1
954,91,10,0.01,1
955,91,10,0.01,1
956,91,10,0.01,1
957,81,11,0.01,1
958,91,10,0.01,1
959,81,11,0.01,1
960,91,10,0.01,1
961,91,10,0.01,1
962,91,10,0.01,1
963,91,10,0.01,1
964,91,10,0.01,1
965,91,10,0.01,1
966,91,10,0.01,1
967,91,10,0.01,1
968,91,10,0.01,1
969,91,10,0.01,1
970,91,10,0.01,1
971,91,10,0.01,1
972,91,10,0.01,1
973,91,10,0.01,1
974,91,10,0.01,1
975,91,10,0.01,1
976,91,10,0.01,1
977,91,10,0.01,1
978,91,10,0.01,1
979,91,10,0.01,1
980,91,10,0.01,1
981,91,10,0.01,1
982,91,10,0.01,1
983,91,10,0.01,1
984,91,10,0.01,1
985,91,10,0.01,1
986,91,10,0.01,1
987,91,10,0.01,1
988,91,10,0.01,1
989,89,12,0.01,1
990,91,10,0.01,1
991,91,10,0.01,1
992,91,10,0.01,1
993,91,10,0.01,1
994,91,10,0.01,1
995,91,10,0.01,1
996,91,10,0.01,1
997,91,10,0.01,1
998,91,10,0.01,1
999,91,10,0.01,1
1000,91,10,0.01,1
1001,91,10,0.01,1
1002,91,10,0.01,1
1003,91,10,0.01,1
1004,91,10,0.01,1
1005,91,10,0.01,1
1006,91,10,0.01,1
1007,91,10,0.01,1
1008,91,10,0.01,1
1009,89,12,0.01,1
1010,91,10,0.01,1
1011,91,10,0.01,1
1012,91,10,0.01,1
1013,91,10,0.01,1
1014,91,10,0.01,1
1015,91,10,0.01,1
1016,81,11,0.01,1
1017,91,10,0.01,1
1018,91,10,0.01,1
1019,81,11,0.01,1
1020,91,10,0.01,1
1021,91,10,0.01,1
1022,91,10,0.01,1
1023,91,10,0.01,1
1024,91,10,0.01,1
1025,89,12,0.01,1
1026,91,10,0.01,1
1027,91,10,0.01,1
1028,91,10,0.01,1
1029,91,10,0.01,1
1030,91,10,0.01,1
1031,91,10,0.01,1
1032,91,10,0.01,1
1033,91,10,0.01,1
1034,91,10,0.01,1
1035,91,10,0.01,1
1036,91,10,0.01,1
1037,91,10,0.01,1
1038,91,10,0.01,1
1039,91,10,0.01,1
1040,91,10,0.01,1
1041,91,10,0.01,1
1042,91,10,0.01,1
1043,91,10,0.01,1
1044,91,10,0.01,1
1045,91,10,0.01,1
1046,91,10,0.01,1
1047,91,10,0.01,1
1048,91,10,0.01,1
1049,91,10,0.01,1
1050,91,10,0.01,1
1051,91,10,0.01,1
1052,91,10,0.01,1
1053,91,10,0.01,1
1054,91,10,0.01,1
1055,91,10,0.01,1
1056,91,10,0.01,1
1057,91,10,0.01,1
1058,91,10,0.01,1
1059,91,10,0.01,1
1060,89,12,0.01,1
1061,91,10,0.01,1
1062,91,10,0.01,1
1063,91,10,0.01,1
1064,91,10,0.01,1
1065,91,10,0.01,1
1066,91,10,0.01,1
1067,89,12,0.01,1
1068,91,10,0.01,1
1069,91,10,0.01,1
1070,81,11,0.01,1
1071,91,10,0.01,1
1072,91,10,0.01,1
1073,91,10,0.01,1
1074,91,10,0.01,1
1075,81,11,0.01,1
1076,91,10,0.01,1
1077,91,10,0.01,1
1078,91,10,0.01,1
1079,91,10,0.01,1
1080,91,10,0.01,1
1081,91,10,0.01,1
1082,91,10,0.01,1
1083,91,10,0.01,1
1084,91,10,0.01,1
1085,89,12,0.01,1
1086,81,11,0.01,1
1087,91,10,0.01,1
1088,91,10,0.01,1
1089,91,10,0.01,1
1090,91,10,0.01,1
1091,91,10,0.01,1
1092,81,11,0.01,1
1093,91,10,0.01,1
1094,91,10,0.01,1
1095,91,10,0.01,1
1096,91,10,0.01,1
1097,91,10,0.01,1
1098,91,10,0.01,1
1099,91,10,0.01,1
1100,91,10,0.01,1
1101,91,10,0.01,1
1102,91,10,0.01,1
1103,91,10,0.01,1
1104,91,10,0.01,1
1105,91,10,0.01,1
1106,91,10,0.01,1
1107,91,10,0.01,1
1108,91,10,0.01,1
1109,89,12,0.01,1
1110,91,10,0.01,1
1111,91,10,0.01,1
1112,91,10,0.01,1
1113,91,10,0.01,1
1114,91,10,0.01,1
1115,91,10,0.01,1
1116,91,10,0.01,1
1117,91,10,0.01,1
1118,91,10,0.01,1
1119,91,10,0.01,1
1120,91,10,0.01,1
1121,91,10,0.01,1
1122,91,10,0.01,1
1123,91,10,0.01,1
1124,91,10,0.01,1
1125,91,10,0.01,1
1126,91,10,0.01,1
1127,91,10,0.01,1
1128,81,11,0.01,1
1129,91,10,0.01,1
1130,91,10,0.01,1
1131,91,10,0.01,1
1132,91,10,0.01,1
1133,91,10,0.01,1
1134,91,10,0.01,1
1135,91,10,0.01,1
1136,91,10,0.01,1
1137,91,10,0.01,1
1138,91,10,0.01,1
1139,91,10,0.01,1
1140,91,10,0.01,1
1141,91,10,0.01,1
1142,91,10,0.01,1
1143,91,10,0.01,1
1144,91,10,0.01,1
1145,91,10,0.01,1
1146,91,10,0.01,1
1147,91,10,0.01,1
1148,91,10,0.01,1
1149,91,10,0.01,1
1150,91,10,0.01,1
1151,81,11,0.01,1
1152,91,10,0.01,1
1153,91,10,0.01,1
1154,91,10,0.01,1
1155,91,10,0.01,1
1156,91,10,0.01,1
1157,91,10,0.01,1
1158,91,10,0.01,1
1159,91,10,0.01,1
1160,91,10,0.01,1
1161,91,10,0.01,1
1162,91,10,0.01,1
1163,91,10,0.01,1
1164,91,10,0.01,1
1165,91,10,0.01,1
1166,89,12,0.01,1
1167,91,10,0.01,1
1168,91,10,0.01,1
1169,91,10,0.01,1
1170,91,10,0.01,1
1171,91,10,0.01,1
1172,91,10,0.01,1
1173,91,10,0.01,1
1174,91,10,0.01,1
1175,91,10,0.01,1
1176,91,10,0.01,1
1177,91,10,0.01,1
1178,91,10,0.01,1
1179,91,10,0.01,1
1180,91,10,0.01,1
1181,91,10,0.01,1
1182,91,10,0.01,1
1183,91,10,0.01,1
1184,91,10,0.01,1
1185,91,10,0.01,1
1186,91,10,0.01,1
1187,91,10,0.01,1
1188,91,10,0.01,1
1189,91,10,0.01,1
1190,81,11,0.01,1
1191,91,10,0.01,1
1192,91,10,0.01,1
1193,91,10,0.01,1
1194,91,10,0.01,1
1195,91,10,0.01,1
1196,91,10,0.01,1
1197,91,10,0.01,1
1198,91,10,0.01,1
1199,91,10,0.01,1
1200,91,10,0.01,1
1201,91,10,0.01,1
1202,91,10,0.01,1
1203,91,10,0.01,1
1204,91,10,0.01,1
1205,89,12,0.01,1
1206,91,10,0.01,1
1207,91,10,0.01,1
1208,91,10,0.01,1
1209,91,10,0.01,1
1210,91,10,0.01,1
1211,91,10,0.01,1
1212,89,12,0.01,1
1213,91,10,0.01,1
1214,91,10,0.01,1
1215,91,10,0.01,1
1216,91,10,0.01,1
1217,89,12,0.01,1
1218,91,10,0.01,1
1219,91,10,0.01,1
1220,91,10,0.01,1
1221,91,10,0.01,1
1222,91,10,0.01,1
1223,91,10,0.01,1
1224,91,10,0.01,1
1225,81,11,0.01,1
1226,91,10,0.01,1
1227,91,10,0.01,1
1228,91,10,0.01,1
1229,91,10,0.01,1
1230,91,10,0.01,1
1231,91,10,0.01,1
1232,91,10,0.01,1
1233,91,10,0.01,1
1234,91,10,0.01,1
1235,91,10,0.01,1
1236,91,10,0.01,1
1237,91,10,0.01,1
1238,91,10,0.01,1
1239,91,10,0.01,1
1240,91,10,0.01,1
1241,91,10,0.01,1
1242,91,10,0.01,1
1243,91,10,0.01,1
1244,91,10,0.01,1
1245,91,10,0.01,1
1246,91,10,0.01,1
1247,91,10,0.01,1
1248,91,10,0.01,1
1249,91,10,0.01,1
1250,91,10,0.01,1
1251,91,10,0.01,1
1252,91,10,0.01,1
1253,91,10,0.01,1
1254,91,10,0.01,1
1255,91,10,0.01,1
1256,91,10,0.01,1
1257,91,10,0.01,1
1258,91,10,0.01,1
1259,91,10,0.01,1
1260,91,10,0.01,1
1261,91,10,0.01,1
1262,91,10,0.01,1
1263,91,10,0.01,1
1264,91,10,0.01,1
1265,89,12,0.01,1
1266,91,10,0.01,1
1267,91,10,0.01,1
1268,91,10,0.01,1
1269,91,10,0.01,1
1270,91,10,0.01,1
1271,91,10,0.01,1
1272,91,10,0.01,1
1273,91,10,0.01,1
1274,91,10,0.01,1
1275,91,10,0.01,1
1276,91,10,0.01,1
1277,91,10,0.01,1
1278,91,10,0.01,1
1279,91,10,0.01,1
1280,91,10,0.01,1
1281,91,10,0.01,1
1282,89,12,0.01,1
1283,91,10,0.01,1
1284,91,10,0.01,1
1285,91,10,0.01,1
1286,91,10,0.01,1
1287,91,10,0.01,1
1288,91,10,0.01,1
1289,91,10,0.01,1
1290,91,10,0.01,1
1291,91,10,0.01,1
1292,91,10,0.01,1
1293,91,10,0.01,1
1294,91,10,0.01,1
1295,91,10,0.01,1
1296,91,10,0.01,1
1297,91,10,0.01,1
1298,91,10,0.01,1
1299,91,10,0.01,1
1300,91,10,0.01,1
1301,91,10,0.01,1
1302,91,10,0.01,1
1303,91,10,0.01,1
1304,91,10,0.01,1
1305,91,10,0.01,1
1306,91,10,0.01,1
1307,91,10,0.01,1
1308,91,10,0.01,1
1309,91,10,0.01,1
1310,91,10,0.01,1
1311,91,10,0.01,1
1312,91,10,0.01,1
1313,91,10,0.01,1
1314,89,12,0.01,1
1315,91,10,0.01,1
1316,91,10,0.01,1
1317,91,10,0.01,1
1318,91,10,0.01,1
1319,91,10,0.01,1
1320,91,10,0.01,1
1321,91,10,0.01,1
1322,91,10,0.01,1
1323,91,10,0.01,1
1324,89,12,0.01,1
1325,91,10,0.01,1
1326,91,10,0.01,1
1327,91,10,0.01,1
1328,91,10,0.01,1
1329,91,10,0.01,1
1330,91,10,0.01,1
1331,91,10,0.01,1
1332,91,10,0.01,1
1333,91,10,0.01,1
1334,91,10,0.01,1
1335,91,10,0.01,1
1336,81,11,0.01,1
1337,91,10,0.01,1
1338,91,10,0.01,1
1339,91,10,0.01,1
1340,91,10,0.01,1
1341,91,10,0.01,1
1342,91,10,0.01,1
1343,91,10,0.01,1
1344,91,10,0.01,1
1345,91,10,0.01,1
1346,91,10,0.01,1
1347,91,10,0.01,1
1348,91,10,0.01,1
1349,89,12,0.01,1
1350,91,10,0.01,1
1351,91,10,0.01,1
1352,91,10,0.01,1
1353,91,10,0.01,1
1354,91,10,0.01,1
1355,89,12,0.01,1
1356,91,10,0.01,1
1357,91,10,0.01,1
1358,91,10,0.01,1
1359,91,10,0.01,1
1360,91,10,0.01,1
1361,91,10,0.01,1
1362,91,10,0.01,1
1363,91,10,0.01,1
1364,81,11,0.01,1
1365,91,10,0.01,1
1366,91,10,0.01,1
1367,91,10,0.01,1
1368,91,10,0.01,1
1369,91,10,0.01,1
1370,91,10,0.01,1
1371,91,10,0.01,1
1372,91,10,0.01,1
1373,91,10,0.01,1
1374,91,10,0.01,1
1375,91,10,0.01,1
1376,91,10,0.01,1
1377,81,11,0.01,1
1378,91,10,0.01,1
1379,91,10,0.01,1
1380,91,10,0.01,1
1381,91,10,0.01,1
1382,91,10,0.01,1
1383,89,12,0.01,1
1384,91,10,0.01,1
1385,91,10,0.01,1
1386,91,10,0.01,1
1387,81,11,0.01,1
1388,91,10,0.01,1
1389,91,10,0.01,1
1390,91,10,0.01,1
1391,91,10,0.01,1
1392,91,10,0.01,1
1393,91,10,0.01,1
1394,91,10,0.01,1
1395,91,10,0.01,1
1396,91,10,0.01,1
1397,91,10,0.01,1
1398,91,10,0.01,1
1399,91,10,0.01,1
1400,91,10,0.01,1
1401,91,10,0.01,1
1402,91,10,0.01,1
1403,91,10,0.01,1
1404,91,10,0.01,1
1405,91,10,0.01,1
1406,81,11,0.01,1
1407,91,10,0.01,1
1408,91,10,0.01,1
1409,91,10,0.01,1
1410,91,10,0.01,1
1411,91,10,0.01,1
1412,91,10,0.01,1
1413,91,10,0.01,1
1414,91,10,0.01,1
1415,91,10,0.01,1
1416,91,10,0.01,1
1417,91,10,0.01,1
1418,91,10,0.01,1
1419,91,10,0.01,1
1420,91,10,0.01,1
1421,91,10,0.01,1
1422,91,10,0.01,1
1423,91,10,0.01,1
1424,91,10,0.01,1
1425,91,10,0.01,1
1426,91,10,0.01,1
1427,91,10,0.01,1
1428,91,10,0.01,1
1429,91,10,0.01,1
1430,91,10,0.01,1
1431,91,10,0.01,1
1432,91,10,0.01,1
1433,91,10,0.01,1
1434,91,10,0.01,1
1435,91,10,0.01,1
1436,91,10,0.01,1
1437,91,10,0.01,1
1438,81,11,0.01,1
1439,91,10,0.01,1
1440,91,10,0.01,1
1441,91,10,0.01,1
1442,91,10,0.01,1
1443,91,10,0.01,1
1444,91,10,0.01,1
1445,91,10,0.01,1
1446,81,11,0.01,1
1447,91,10,0.01,1
1448,91,10,0.01,1
1449,91,10,0.01,1
1450,91,10,0.01,1
1451,91,10,0.01,1
1452,91,10,0.01,1
1453,89,12,0.01,1
1454,91,10,0.01,1
1455,91,10,0.01,1
1456,79,13,0.01,1
1457,91,10,0.01,1
1458,91,10,0.01,1
1459,91,10,0.01,1
1460,91,10,0.01,1
1461,91,10,0.01,1
1462,91,10,0.01,1
1463,91,10,0.01,1
1464,91,10,0.01,1
1465,91,10,0.01,1
1466,91,10,0.01,1
1467,91,10,0.01,1
1468,91,10,0.01,1
1469,91,10,0.01,1
1470,91,10,0.01,1
1471,91,10,0.01,1
1472,91,10,0.01,1
1473,91,10,0.01,1
1474,91,10,0.01,1
1475,91,10,0.01,1
1476,91,10,0.01,1
1477,81,11,0.01,1
1478,91,10,0.01,1
1479,91,10,0.01,1
1480,91,10,0.01,1
1481,91,10,0.01,1
1482,81,11,0.01,1
1483,91,10,0.01,1
1484,91,10,0.01,1
1485,91,10,0.01,1
1486,91,10,0.01,1
1487,91,10,0.01,1
1488,91,10,0.01,1
1489,81,11,0.01,1
1490,81,11,0.01,1
1491,91,10,0.01,1
1492,91,10,0.01,1
1493,91,10,0.01,1
1494,91,10,0.01,1
1495,91,10,0.01,1
1496,91,10,0.01,1
1497,91,10,0.01,1
1498,91,10,0.01,1
1499,91,10,0.01,1
1500,91,10,0.01,1
1501,91,10,0.01,1
1502,91,10,0.01,1
1503,91,10,0.01,1
1504,91,10,0.01,1
1505,91,10,0.01,1
1506,91,10,0.01,1
1507,81,11,0.01,1
1508,91,10,0.01,1
1509,91,10,0.01,1
1510,91,10,0.01,1
1511,91,10,0.01,1
1512,91,10,0.01,1
1513,81,11,0.01,1
1514,91,10,0.01,1
1515,91,10,0.01,1
1516,91,10,0.01,1
1517,91,10,0.01,1
1518,91,10,0.01,1
1519,91,10,0.01,1
1520,91,10,0.01,1
1521,91,10,0.01,1
1522,91,10,0.01,1
1523,89,12,0.01,1
1524,91,10,0.01,1
1525,91,10,0.01,1
1526,91,10,0.01,1
1527,91,10,0.01,1
1528,91,10,0.01,1
1529,91,10,0.01,1
1530,91,10,0.01,1
1531,91,10,0.01,1
1532,91,10,0.01,1
1533,89,12,0.01,1
1534,91,10,0.01,1
1535,91,10,0.01,1
1536,91,10,0.01,1
1537,91,10,0.01,1
1538,91,10,0.01,1
1539,91,10,0.01,1
1540,91,10,0.01,1
1541,91,10,0.01,1
1542,91,10,0.01,1
1543,91,10,0.01,1
1544,91,10,0.01,1
1545,91,10,0.01,1
1546,91,10,0.01,1
1547,91,10,0.01,1
1548,91,10,0.01,1
1549,91,10,0.01,1
1550,91,10,0.01,1
1551,91,10,0.01,1
1552,91,10,0.01,1
1553,91,10,0.01,1
1554,91,10,0.01,1
1555,91,10,0.01,1
1556,91,10,0.01,1
1557,91,10,0.01,1
1558,81,11,0.01,1
1559,91,10,0.01,1
1560,91,10,0.01,1
1561,91,10,0.01,1
1562,91,10,0.01,1
1563,91,10,0.01,1
1564,91,10,0.01,1
1565,91,10,0.01,1
1566,91,10,0.01,1
1567,91,10,0.01,1
1568,91,10,0.01,1
1569,91,10,0.01,1
1570,81,11,0.01,1
1571,91,10,0.01,1
1572,91,10,0.01,1
1573,91,10,0.01,1
1574,81,11,0.01,1
1575,91,10,0.01,1
1576,91,10,0.01,1
1577,91,10,0.01,1
1578,91,10,0.01,1
1579,81,11,0.01,1
1580,91,10,0.01,1
1581,91,10,0.01,1
1582,91,10,0.01,1
1583,91,10,0.01,1
1584,89,12,0.01,1
1585,91,10,0.01,1
1586,91,10,0.01,1
1587,91,10,0.01,1
1588,91,10,0.01,1
1589,91,10,0.01,1
1590,91,10,0.01,1
1591,91,10,0.01,1
1592,91,10,0.01,1
1593,91,10,0.01,1
1594,91,10,0.01,1
1595,91,10,0.01,1
1596,91,10,0.01,1
1597,81,11,0.01,1
1598,91,10,0.01,1
1599,91,10,0.01,1
1600,91,10,0.01,1
1601,91,10,0.01,1
1602,91,10,0.01,1
1603,89,12,0.01,1
1604,91,10,0.01,1
1605,91,10,0.01,1
1606,91,10,0.01,1
1607,89,12,0.01,1
1608,91,10,0.01,1
1609,91,10,0.01,1
1610,91,10,0.01,1
1611,91,10,0.01,1
1612,91,10,0.01,1
1613,91,10,0.01,1
1614,91,10,0.01,1
1615,91,10,0.01,1
1616,91,10,0.01,1
1617,91,10,0.01,1
1618,91,10,0.01,1
1619,91,10,0.01,1
1620,91,10,0.01,1
1621,91,10,0.01,1
1622,91,10,0.01,1
1623,91,10,0.01,1
1624,91,10,0.01,1
1625,91,10,0.01,1
1626,91,10,0.01,1
1627,91,10,0.01,1
1628,91,10,0.01,1
1629,91,10,0.01,1
1630,91,10,0.01,1
1631,91,10,0.01,1
1632,91,10,0.01,1
1633,91,10,0.01,1
1634,91,10,0.01,1
1635,91,10,0.01,1
1636,91,10,0.01,1
1637,91,10,0.01,1
1638,91,10,0.01,1
1639,91,10,0.01,1
1640,91,10,0.01,1
1641,91,10,0.01,1
1642,89,12,0.01,1
1643,91,10,0.01,1
1644,91,10,0.01,1
1645,91,10,0.01,1
1646,91,10,0.01,1
1647,91,10,0.01,1
1648,91,10,0.01,1
1649,91,10,0.01,1
1650,91,10,0.01,1
1651,91,10,0.01,1
1652,91,10,0.01,1
1653,91,10,0.01,1
1654,91,10,0.01,1
1655,91,10,0.01,1
1656,91,10,0.01,1
1657,91,10,0.01,1
1658,91,10,0.01,1
1659,91,10,0.01,1
1660,91,10,0.01,1
1661,91,10,0.01,1
1662,91,10,0.01,1
1663,91,10,0.01,1
1664,91,10,0.01,1
1665,91,10,0.01,1
1666,91,10,0.01,1
1667,91,10,0.01,1
1668,91,10,0.01,1
1669,91,10,0.01,1
1670,91,10,0.01,1
1671,91,10,0.01,1
1672,91,10,0.01,1
1673,91,10,0.01,1
1674,91,10,0.01,1
1675,81,11,0.01,1
1676,91,10,0.01,1
1677,91,10,0.01,1
1678,91,10,0.01,1
1679,91,10,0.01,1
1680,89,12,0.01,1
1681,91,10,0.01,1
1682,81,11,0.01,1
1683,91,10,0.01,1
1684,91,10,0.01,1
1685,81,11,0.01,1
1686,91,10,0.01,1
1687,91,10,0.01,1
1688,91,10,0.01,1
1689,91,10,0.01,1
1690,91,10,0.01,1
1691,91,10,0.01,1
1692,91,10,0.01,1
1693,91,10,0.01,1
1694,91,10,0.01,1
1695,91,10,0.01,1
1696,91,10,0.01,1
1697,91,10,0.01,1
1698,91,10,0.01,1
1699,91,10,0.01,1
1700,91,10,0.01,1
1701,91,10,0.01,1
1702,91,10,0.01,1
1703,91,10,0.01,1
1704,91,10,0.01,1
1705,91,10,0.01,1
1706,91,10,0.01,1
1707,91,10,0.01,1
1708,91,10,0.01,1
1709,91,10,0.01,1
1710,91,10,0.01,1
1711,91,10,0.01,1
1712,91,10,0.01,1
1713,89,12,0.01,1
1714,91,10,0.01,1
1715,91,10,0.01,1
1716,91,10,0.01,1
1717,91,10,0.01,1
1718,91,10,0.01,1
1719,91,10,0.01,1
1720,91,10,0.01,1
1721,91,10,0.01,1
1722,89,12,0.01,1
1723,91,10,0.01,1
1724,91,10,0.01,1
1725,91,10,0.01,1
1726,91,10,0.01,1
1727,91,10,0.01,1
1728,91,10,0.01,1
1729,91,10,0.01,1
1730,91,10,0.01,1
1731,91,10,0.01,1
1732,81,11,0.01,1
1733,91,10,0.01,1
1734,91,10,0.01,1
1735,91,10,0.01,1
1736,91,10,0.01,1
1737,91,10,0.01,1
1738,91,10,0.01,1
1739,91,10,0.01,1
1740,91,10,0.01,1
1741,91,10,0.01,1
1742,91,10,0.01,1
1743,91,10,0.01,1
1744,91,10,0.01,1
1745,91,10,0.01,1
1746,91,10,0.01,1
1747,91,10,0.01,1
1748,91,10,0.01,1
1749,91,10,0.01,1
1750,91,10,0.01,1
1751,89,12,0.01,1
1752,91,10,0.01,1
1753,91,10,0.01,1
1754,91,10,0.01,1
1755,91,10,0.01,1
1756,91,10,0.01,1
1757,91,10,0.01,1
1758,91,10,0.01,1
1759,91,10,0.01,1
1760,91,10,0.01,1
1761,91,10,0.01,1
1762,91,10,0.01,1
1763,91,10,0.01,1
1764,91,10,0.01,1
1765,91,10,0.01,1
1766,91,10,0.01,1
1767,81,11,0.01,1
1768,89,12,0.01,1
1769,91,10,0.01,1
1770,91,10,0.01,1
1771,81,11,0.01,1
1772,91,10,0.01,1
1773,91,10,0.01,1
1774,91,10,0.01,1
1775,91,10,0.01,1
1776,91,10,0.01,1
1777,91,10,0.01,1
1778,91,10,0.01,1
1779,91,10,0.01,1
1780,91,10,0.01,1
1781,91,10,0.01,1
1782,91,10,0.01,1
1783,91,10,0.01,1
1784,91,10,0.01,1
1785,91,10,0.01,1
1786,91,10,0.01,1
1787,91,10,0.01,1
1788,91,10,0.01,1
1789,91,10,0.01,1
1790,91,10,0.01,1
1791,89,12,0.01,1
1792,91,10,0.01,1
1793,91,10,0.01,1
1794,91,10,0.01,1
1795,91,10,0.01,1
1796,91,10,0.01,1
1797,91,10,0.01,1
1798,91,10,0.01,1
1799,91,10,0.01,1
1800,91,10,0.01,1
1801,91,10,0.01,1
1802,91,10,0.01,1
1803,91,10,0.01,1
1804,79,13,0.01,1
1805,91,10,0.01,1
1806,91,10,0.01,1
1807,91,10,0.01,1
1808,91,10,0.01,1
1809,91,10,0.01,1
1810,91,10,0.01,1
1811,91,10,0.01,1
1812,91,10,0.01,1
1813,91,10,0.01,1
1814,91,10,0.01,1
1815,91,10,0.01,1
1816,91,10,0.01,1
1817,89,12,0.01,1
1818,91,10,0.01,1
1819,91,10,0.01,1
1820,91,10,0.01,1
1821,91,10,0.01,1
1822,81,11,0.01,1
1823,81,11,0.01,1
1824,91,10,0.01,1
1825,91,10,0.01,1
1826,91,10,0.01,1
1827,91,10,0.01,1
1828,91,10,0.01,1
1829,91,10,0.01,1
1830,91,10,0.01,1
1831,91,10,0.01,1
1832,91,10,0.01,1
1833,89,12,0.01,1
1834,91,10,0.01,1
1835,91,10,0.01,1
1836,91,10,0.01,1
1837,91,10,0.01,1
1838,91,10,0.01,1
1839,91,10,0.01,1
1840,91,10,0.01,1
1841,91,10,0.01,1
1842,91,10,0.01,1
1843,91,10,0.01,1
1844,91,10,0.01,1
1845,91,10,0.01,1
1846,91,10,0.01,1
1847,91,10,0.01,1
1848,91,10,0.01,1
1849,91,10,0.01,1
1850,81,11,0.01,1
1851,91,10,0.01,1
1852,91,10,0.01,1
1853,81,11,0.01,1
1854,91,10,0.01,1
1855,91,10,0.01,1
1856,91,10,0.01,1
1857,91,10,0.01,1
1858,91,10,0.01,1
1859,91,10,0.01,1
1860,91,10,0.01,1
1861,91,10,0.01,1
1862,91,10,0.01,1
1863,91,10,0.01,1
1864,91,10,0.01,1
1865,91,10,0.01,1
1866,91,10,0.01,1
1867,91,10,0.01,1
1868,91,10,0.01,1
1869,91,10,0.01,1
1870,91,10,0.01,1
1871,89,12,0.01,1
1872,91,10,0.01,1
1873,91,10,0.01,1
1874,91,10,0.01,1
1875,91,10,0.01,1
1876,91,10,0.01,1
1877,91,10,0.01,1
1878,91,10,0.01,1
1879,89,12,0.01,1
1880,91,10,0.01,1
1881,91,10,0.01,1
1882,91,10,0.01,1
1883,91,10,0.01,1
1884,91,10,0.01,1
1885,91,10,0.01,1
1886,91,10,0.01,1
1887,91,10,0.01,1
1888,91,10,0.01,1
1889,91,10,0.01,1
1890,91,10,0.01,1
1891,91,10,0.01,1
1892,91,10,0.01,1
1893,91,10,0.01,1
1894,91,10,0.01,1
1895,91,10,0.01,1
1896,91,10,0.01,1
1897,91,10,0.01,1
1898,91,10,0.01,1
1899,91,10,0.01,1
1900,91,10,0.01,1
1901,91,10,0.01,1
1902,91,10,0.01,1
1903,91,10,0.01,1
1904,91,10,0.01,1
1905,91,10,0.01,1
1906,91,10,0.01,1
1907,81,11,0.01,1
1908,91,10,0.01,1
1909,91,10,0.01,1
1910,91,10,0.01,1
1911,91,10,0.01,1
1912,91,10,0.01,1
1913,91,10,0.01,1
1914,91,10,0.01,1
1915,91,10,0.01,1
1916,91,10,0.01,1
1917,91,10,0.01,1
1918,91,10,0.01,1
1919,91,10,0.01,1
1920,91,10,0.01,1
1921,91,10,0.01,1
1922,91,10,0.01,1
1923,91,10,0.01,1
1924,91,10,0.01,1
1925,91,10,0.01,1
1926,91,10,0.01,1
1927,91,10,0.01,1
1928,91,10,0.01,1
1929,91,10,0.01,1
1930,91,10,0.01,1
1931,91,10,0.01,1
1932,91,10,0.01,1
1933,91,10,0.01,1
1934,91,10,0.01,1
1935,91,10,0.01,1
1936,91,10,0.01,1
1937,89,12,0.01,1
1938,91,10,0.01,1
1939,91,10,0.01,1
1940,91,10,0.01,1
1941,91,10,0.01,1
1942,91,10,0.01,1
1943,91,10,0.01,1
1944,91,10,0.01,1
1945,91,10,0.01,1
1946,91,10,0.01,1
1947,91,10,0.01,1
1948,91,10,0.01,1
1949,91,10,0.01,1
1950,91,10,0.01,1
1951,91,10,0.01,1
1952,91,10,0.01,1
1953,91,10,0.01,1
1954,91,10,0.01,1
1955,91,10,0.01,1
1956,91,10,0.01,1
1957,91,10,0.01,1
1958,91,10,0.01,1
1959,91,10,0.01,1
1960,91,10,0.01,1
1961,91,10,0.01,1
1962,91,10,0.01,1
1963,91,10,0.01,1
1964,91,10,0.01,1
1965,91,10,0.01,1
1966,91,10,0.01,1
1967,91,10,0.01,1
1968,91,10,0.01,1
1969,91,10,0.01,1
1970,89,12,0.01,1
1971,91,10,0.01,1
1972,91,10,0.01,1
1973,91,10,0.01,1
1974,91,10,0.01,1
1975,91,10,0.01,1
1976,91,10,0.01,1
1977,91,10,0.01,1
1978,91,10,0.01,1
1979,91,10,0.01,1
1980,91,10,0.01,1
1981,91,10,0.01,1
1982,81,11,0.01,1
1983,91,10,0.01,1
1984,91,10,0.01,1
1985,91,10,0.01,1
1986,91,10,0.01,1
1987,91,10,0.01,1
1988,91,10,0.01,1
1989,91,10,0.01,1
1990,91,10,0.01,1
1991,91,10,0.01,1
1992,91,10,0.01,1
1993,91,10,0.01,1
1994,81,11,0.01,1
1995,91,10,0.01,1
1996,91,10,0.01,1
1997,91,10,0.01,1
1998,91,10,0.01,1
1999,91,10,0.01,1
2000,91,10,0.01,1
